"seller","day_of_week","income"
Abraham Bennet,monday,15203984
Abraham Bennet,monday,19687184
Abraham Bennet,monday,16384163
Abraham Bennet,monday,13485559
Abraham Bennet,monday,20349447
Abraham Bennet,monday,14293368
Abraham Bennet,monday,10012033
Abraham Bennet,monday,19081230
Abraham Bennet,monday,9932043
Abraham Bennet,monday,14425997
Abraham Bennet,monday,15735722
Abraham Bennet,monday,16509282
Abraham Bennet,monday,19671740
Abraham Bennet,monday,13428763
Abraham Bennet,monday,13644722
Albert Ringer,monday,19939383
Albert Ringer,monday,28254710
Albert Ringer,monday,31220301
Albert Ringer,monday,29910071
Albert Ringer,monday,21742840
Albert Ringer,monday,25456685
Albert Ringer,monday,28015437
Albert Ringer,monday,26778061
Albert Ringer,monday,14698449
Albert Ringer,monday,22041143
Albert Ringer,monday,26993333
Albert Ringer,monday,39988013
Albert Ringer,monday,21975271
Albert Ringer,monday,29268566
Albert Ringer,monday,26095767
Ann Dull,monday,2712202
Ann Dull,monday,3057364
Ann Dull,monday,2272865
Ann Dull,monday,2810496
Ann Dull,monday,3073179
Ann Dull,monday,2322181
Ann Dull,monday,2954301
Ann Dull,monday,2689772
Ann Dull,monday,3271042
Ann Dull,monday,2465335
Ann Dull,monday,2168865
Ann Dull,monday,2794084
Ann Dull,monday,2487167
Ann Dull,monday,2326924
Ann Dull,monday,2251059
Anne Ringer,monday,3836333
Anne Ringer,monday,2864944
Anne Ringer,monday,3958932
Anne Ringer,monday,4602346
Anne Ringer,monday,1936510
Anne Ringer,monday,4118218
Anne Ringer,monday,4081531
Anne Ringer,monday,4038575
Anne Ringer,monday,2947721
Anne Ringer,monday,3879289
Anne Ringer,monday,3392027
Anne Ringer,monday,3024230
Anne Ringer,monday,2907899
Anne Ringer,monday,4121353
Anne Ringer,monday,3677047
Burt Gringlesby,monday,7760651
Burt Gringlesby,monday,7296737
Burt Gringlesby,monday,8893348
Burt Gringlesby,monday,7370839
Burt Gringlesby,monday,9219624
Burt Gringlesby,monday,6562936
Burt Gringlesby,monday,9162957
Burt Gringlesby,monday,7105494
Burt Gringlesby,monday,8111965
Burt Gringlesby,monday,8707672
Burt Gringlesby,monday,5394803
Burt Gringlesby,monday,6421035
Burt Gringlesby,monday,9467535
Burt Gringlesby,monday,7904312
Burt Gringlesby,monday,9049901
Charlene Locksley,monday,7851997
Charlene Locksley,monday,6601376
Charlene Locksley,monday,6782150
Charlene Locksley,monday,9729581
Charlene Locksley,monday,8306095
Charlene Locksley,monday,8572282
Charlene Locksley,monday,7367556
Charlene Locksley,monday,6548345
Charlene Locksley,monday,6501939
Charlene Locksley,monday,6596277
Charlene Locksley,monday,9104145
Charlene Locksley,monday,5946108
Charlene Locksley,monday,5128936
Charlene Locksley,monday,8144955
Charlene Locksley,monday,5268914
Cheryl Carson,monday,7613744
Cheryl Carson,monday,5389890
Cheryl Carson,monday,4407318
Cheryl Carson,monday,5936889
Cheryl Carson,monday,4910539
Cheryl Carson,monday,3670322
Cheryl Carson,monday,6205839
Cheryl Carson,monday,4424715
Cheryl Carson,monday,4146286
Cheryl Carson,monday,5315087
Cheryl Carson,monday,6205077
Cheryl Carson,monday,6044545
Cheryl Carson,monday,2551771
Cheryl Carson,monday,4821726
Cheryl Carson,monday,6333900
Dean Straight,monday,10419113
Dean Straight,monday,13807973
Dean Straight,monday,11905938
Dean Straight,monday,17417197
Dean Straight,monday,13881006
Dean Straight,monday,12737556
Dean Straight,monday,13754796
Dean Straight,monday,11456382
Dean Straight,monday,12918838
Dean Straight,monday,14515865
Dean Straight,monday,11789376
Dean Straight,monday,11365372
Dean Straight,monday,10529994
Dean Straight,monday,10724538
Dean Straight,monday,15326226
Dirk Stringer,monday,56193251
Dirk Stringer,monday,47511599
Dirk Stringer,monday,48962949
Dirk Stringer,monday,41481940
Dirk Stringer,monday,67051927
Dirk Stringer,monday,52340616
Dirk Stringer,monday,51139974
Dirk Stringer,monday,55968991
Dirk Stringer,monday,49688624
Dirk Stringer,monday,28472687
Dirk Stringer,monday,63199293
Dirk Stringer,monday,53066291
Dirk Stringer,monday,48013015
Dirk Stringer,monday,43909672
Dirk Stringer,monday,52340616
Heather McBadden,monday,16826626
Heather McBadden,monday,15069896
Heather McBadden,monday,19216564
Heather McBadden,monday,20906735
Heather McBadden,monday,24681656
Heather McBadden,monday,18991189
Heather McBadden,monday,21107242
Heather McBadden,monday,20404419
Heather McBadden,monday,19061597
Heather McBadden,monday,15195961
Heather McBadden,monday,18314124
Heather McBadden,monday,19190861
Heather McBadden,monday,15182089
Heather McBadden,monday,22684005
Heather McBadden,monday,26181677
Innes del Castillo,monday,16339660
Innes del Castillo,monday,14654025
Innes del Castillo,monday,12217773
Innes del Castillo,monday,14938619
Innes del Castillo,monday,15160207
Innes del Castillo,monday,20878617
Innes del Castillo,monday,11386550
Innes del Castillo,monday,22978404
Innes del Castillo,monday,16716282
Innes del Castillo,monday,16247973
Innes del Castillo,monday,22771157
Innes del Castillo,monday,16573013
Innes del Castillo,monday,14394907
Innes del Castillo,monday,24093248
Innes del Castillo,monday,21642313
Johnson White,monday,4546079
Johnson White,monday,7753645
Johnson White,monday,5324180
Johnson White,monday,5077972
Johnson White,monday,8465660
Johnson White,monday,6627160
Johnson White,monday,9958600
Johnson White,monday,8032192
Johnson White,monday,5120362
Johnson White,monday,4928814
Johnson White,monday,7521541
Johnson White,monday,6304532
Johnson White,monday,7958762
Johnson White,monday,4847862
Johnson White,monday,6093414
Livia Karsen,monday,10475774
Livia Karsen,monday,8897148
Livia Karsen,monday,5111410
Livia Karsen,monday,7921340
Livia Karsen,monday,10245074
Livia Karsen,monday,12139215
Livia Karsen,monday,9762472
Livia Karsen,monday,7392736
Livia Karsen,monday,5015992
Livia Karsen,monday,10245074
Livia Karsen,monday,8928954
Livia Karsen,monday,8981964
Livia Karsen,monday,8340331
Livia Karsen,monday,8169650
Livia Karsen,monday,10759483
Marjorie Green,monday,6401745
Marjorie Green,monday,4925531
Marjorie Green,monday,7173264
Marjorie Green,monday,4964446
Marjorie Green,monday,4951882
Marjorie Green,monday,8467689
Marjorie Green,monday,8020500
Marjorie Green,monday,6826253
Marjorie Green,monday,5207831
Marjorie Green,monday,5913417
Marjorie Green,monday,5425756
Marjorie Green,monday,8274560
Marjorie Green,monday,8698511
Marjorie Green,monday,4090526
Marjorie Green,monday,8197952
Meander Smith,monday,3222213
Meander Smith,monday,3008917
Meander Smith,monday,2317038
Meander Smith,monday,3764225
Meander Smith,monday,5052091
Meander Smith,monday,5102458
Meander Smith,monday,3955133
Meander Smith,monday,3616472
Meander Smith,monday,3698554
Meander Smith,monday,3327431
Meander Smith,monday,4049530
Meander Smith,monday,2658688
Meander Smith,monday,3092493
Meander Smith,monday,2977202
Meander Smith,monday,2317786
Michael O'Leary,monday,8744908
Michael O'Leary,monday,7032563
Michael O'Leary,monday,11336323
Michael O'Leary,monday,7939111
Michael O'Leary,monday,13891102
Michael O'Leary,monday,10457253
Michael O'Leary,monday,6977608
Michael O'Leary,monday,5347696
Michael O'Leary,monday,4459466
Michael O'Leary,monday,14761013
Michael O'Leary,monday,7911633
Michael O'Leary,monday,11290527
Michael O'Leary,monday,10438934
Michael O'Leary,monday,10493889
Michael O'Leary,monday,7014245
Michel DeFrance,monday,33312336
Michel DeFrance,monday,25893363
Michel DeFrance,monday,40864914
Michel DeFrance,monday,33563215
Michel DeFrance,monday,31028511
Michel DeFrance,monday,27148171
Michel DeFrance,monday,29515425
Michel DeFrance,monday,30410247
Michel DeFrance,monday,37327638
Michel DeFrance,monday,35118311
Michel DeFrance,monday,38697597
Michel DeFrance,monday,22213726
Michel DeFrance,monday,34307509
Michel DeFrance,monday,28143344
Michel DeFrance,monday,32040606
Morningstar Greene,monday,4975161
Morningstar Greene,monday,3496641
Morningstar Greene,monday,3690978
Morningstar Greene,monday,4072755
Morningstar Greene,monday,3929336
Morningstar Greene,monday,4132231
Morningstar Greene,monday,5105010
Morningstar Greene,monday,5322840
Morningstar Greene,monday,7024879
Morningstar Greene,monday,4449411
Morningstar Greene,monday,4313995
Morningstar Greene,monday,2823175
Morningstar Greene,monday,4546062
Morningstar Greene,monday,3133828
Morningstar Greene,monday,6364982
Reginald Blotchet-Halls,monday,5196399
Reginald Blotchet-Halls,monday,8353894
Reginald Blotchet-Halls,monday,5535762
Reginald Blotchet-Halls,monday,7578564
Reginald Blotchet-Halls,monday,4977103
Reginald Blotchet-Halls,monday,7168700
Reginald Blotchet-Halls,monday,9520827
Reginald Blotchet-Halls,monday,5952153
Reginald Blotchet-Halls,monday,9223236
Reginald Blotchet-Halls,monday,7530268
Reginald Blotchet-Halls,monday,5372604
Reginald Blotchet-Halls,monday,5380443
Reginald Blotchet-Halls,monday,5755058
Reginald Blotchet-Halls,monday,7741722
Reginald Blotchet-Halls,monday,7891832
Sheryl Hunter,monday,8732949
Sheryl Hunter,monday,9615491
Sheryl Hunter,monday,11731155
Sheryl Hunter,monday,10457358
Sheryl Hunter,monday,9821701
Sheryl Hunter,monday,11937365
Sheryl Hunter,monday,11149296
Sheryl Hunter,monday,11212849
Sheryl Hunter,monday,10916068
Sheryl Hunter,monday,9964121
Sheryl Hunter,monday,10956449
Sheryl Hunter,monday,9359145
Sheryl Hunter,monday,9684896
Sheryl Hunter,monday,10293773
Sheryl Hunter,monday,7468907
Stearns MacFeather,monday,2338365
Stearns MacFeather,monday,1362307
Stearns MacFeather,monday,1580570
Stearns MacFeather,monday,2109030
Stearns MacFeather,monday,1115653
Stearns MacFeather,monday,3127303
Stearns MacFeather,monday,2251524
Stearns MacFeather,monday,2528071
Stearns MacFeather,monday,1513020
Stearns MacFeather,monday,2083493
Stearns MacFeather,monday,2233034
Stearns MacFeather,monday,1519061
Stearns MacFeather,monday,2399234
Stearns MacFeather,monday,2290807
Stearns MacFeather,monday,2326797
Sylvia Panteley,monday,4866520
Sylvia Panteley,monday,6689100
Sylvia Panteley,monday,6799900
Sylvia Panteley,monday,5845454
Sylvia Panteley,monday,4379731
Sylvia Panteley,monday,6168513
Sylvia Panteley,monday,7074462
Sylvia Panteley,monday,8247923
Sylvia Panteley,monday,3237036
Sylvia Panteley,monday,8888208
Sylvia Panteley,monday,8072050
Sylvia Panteley,monday,6449353
Sylvia Panteley,monday,7928405
Sylvia Panteley,monday,6645990
Sylvia Panteley,monday,5106776
Abraham Bennet,tuesday,12264088
Abraham Bennet,tuesday,16995968
Abraham Bennet,tuesday,18919714
Abraham Bennet,tuesday,16460956
Abraham Bennet,tuesday,16499639
Abraham Bennet,tuesday,18199024
Abraham Bennet,tuesday,21607321
Abraham Bennet,tuesday,14224105
Abraham Bennet,tuesday,16603819
Abraham Bennet,tuesday,13162307
Abraham Bennet,tuesday,17427710
Abraham Bennet,tuesday,16748059
Abraham Bennet,tuesday,20029446
Abraham Bennet,tuesday,23784730
Abraham Bennet,tuesday,16131139
Albert Ringer,tuesday,16727383
Albert Ringer,tuesday,30043969
Albert Ringer,tuesday,37916239
Albert Ringer,tuesday,29840766
Albert Ringer,tuesday,20062424
Albert Ringer,tuesday,34321735
Albert Ringer,tuesday,34051169
Albert Ringer,tuesday,33919124
Albert Ringer,tuesday,21643202
Albert Ringer,tuesday,32908629
Albert Ringer,tuesday,27775417
Albert Ringer,tuesday,26227025
Albert Ringer,tuesday,19590167
Albert Ringer,tuesday,30275814
Albert Ringer,tuesday,23718634
Ann Dull,tuesday,2859813
Ann Dull,tuesday,2255204
Ann Dull,tuesday,2189761
Ann Dull,tuesday,3013414
Ann Dull,tuesday,3085473
Ann Dull,tuesday,2458434
Ann Dull,tuesday,2399294
Ann Dull,tuesday,1520333
Ann Dull,tuesday,3193929
Ann Dull,tuesday,1674871
Ann Dull,tuesday,2536457
Ann Dull,tuesday,3259034
Ann Dull,tuesday,2168241
Ann Dull,tuesday,2810809
Ann Dull,tuesday,2672736
Anne Ringer,tuesday,4038575
Anne Ringer,tuesday,3548179
Anne Ringer,tuesday,4118218
Anne Ringer,tuesday,4562524
Anne Ringer,tuesday,2901631
Anne Ringer,tuesday,4363416
Anne Ringer,tuesday,4200996
Anne Ringer,tuesday,2864944
Anne Ringer,tuesday,5129429
Anne Ringer,tuesday,3995619
Anne Ringer,tuesday,3833199
Anne Ringer,tuesday,3309250
Anne Ringer,tuesday,2947721
Anne Ringer,tuesday,2055975
Anne Ringer,tuesday,3548179
Burt Gringlesby,tuesday,8046213
Burt Gringlesby,tuesday,7710285
Burt Gringlesby,tuesday,7731805
Burt Gringlesby,tuesday,7396901
Burt Gringlesby,tuesday,8408939
Burt Gringlesby,tuesday,7651859
Burt Gringlesby,tuesday,8081360
Burt Gringlesby,tuesday,4559079
Burt Gringlesby,tuesday,8633570
Burt Gringlesby,tuesday,9109352
Burt Gringlesby,tuesday,7601036
Burt Gringlesby,tuesday,8372768
Burt Gringlesby,tuesday,6699272
Burt Gringlesby,tuesday,8638112
Burt Gringlesby,tuesday,5813460
Charlene Locksley,tuesday,8298446
Charlene Locksley,tuesday,6364510
Charlene Locksley,tuesday,6168439
Charlene Locksley,tuesday,6309440
Charlene Locksley,tuesday,7370616
Charlene Locksley,tuesday,7424670
Charlene Locksley,tuesday,5795678
Charlene Locksley,tuesday,7580711
Charlene Locksley,tuesday,6575116
Charlene Locksley,tuesday,5854831
Charlene Locksley,tuesday,5290586
Charlene Locksley,tuesday,6144729
Charlene Locksley,tuesday,8382837
Charlene Locksley,tuesday,8260201
Charlene Locksley,tuesday,6598827
Cheryl Carson,tuesday,4615093
Cheryl Carson,tuesday,6023760
Cheryl Carson,tuesday,5000417
Cheryl Carson,tuesday,7353093
Cheryl Carson,tuesday,4085111
Cheryl Carson,tuesday,5597665
Cheryl Carson,tuesday,5479388
Cheryl Carson,tuesday,5369105
Cheryl Carson,tuesday,6620247
Cheryl Carson,tuesday,3306164
Cheryl Carson,tuesday,1793991
Cheryl Carson,tuesday,4817957
Cheryl Carson,tuesday,6309346
Cheryl Carson,tuesday,3073455
Cheryl Carson,tuesday,7460749
Dean Straight,tuesday,14244740
Dean Straight,tuesday,10795596
Dean Straight,tuesday,11168130
Dean Straight,tuesday,13190554
Dean Straight,tuesday,10092405
Dean Straight,tuesday,13915225
Dean Straight,tuesday,11292149
Dean Straight,tuesday,12845185
Dean Straight,tuesday,13445558
Dean Straight,tuesday,12589649
Dean Straight,tuesday,9466457
Dean Straight,tuesday,12359677
Dean Straight,tuesday,10576319
Dean Straight,tuesday,14882539
Dean Straight,tuesday,12594902
Dirk Stringer,tuesday,43658965
Dirk Stringer,tuesday,47511599
Dirk Stringer,tuesday,66801220
Dirk Stringer,tuesday,55494024
Dirk Stringer,tuesday,44635347
Dirk Stringer,tuesday,44635347
Dirk Stringer,tuesday,40532005
Dirk Stringer,tuesday,45835990
Dirk Stringer,tuesday,46561665
Dirk Stringer,tuesday,64874902
Dirk Stringer,tuesday,46561665
Dirk Stringer,tuesday,54293382
Dirk Stringer,tuesday,54992609
Dirk Stringer,tuesday,37154338
Dirk Stringer,tuesday,41006973
Heather McBadden,tuesday,14947836
Heather McBadden,tuesday,13369111
Heather McBadden,tuesday,22587382
Heather McBadden,tuesday,20339486
Heather McBadden,tuesday,16687060
Heather McBadden,tuesday,20795300
Heather McBadden,tuesday,13461164
Heather McBadden,tuesday,18141873
Heather McBadden,tuesday,24765369
Heather McBadden,tuesday,16833797
Heather McBadden,tuesday,17828101
Heather McBadden,tuesday,17175981
Heather McBadden,tuesday,11631014
Heather McBadden,tuesday,22387908
Heather McBadden,tuesday,16940034
Innes del Castillo,tuesday,14756847
Innes del Castillo,tuesday,16404610
Innes del Castillo,tuesday,19841460
Innes del Castillo,tuesday,23368395
Innes del Castillo,tuesday,18102641
Innes del Castillo,tuesday,17247257
Innes del Castillo,tuesday,19645979
Innes del Castillo,tuesday,23145835
Innes del Castillo,tuesday,18350335
Innes del Castillo,tuesday,19504654
Innes del Castillo,tuesday,16082145
Innes del Castillo,tuesday,21240557
Innes del Castillo,tuesday,15536488
Innes del Castillo,tuesday,26697904
Innes del Castillo,tuesday,15548254
Johnson White,tuesday,7964950
Johnson White,tuesday,6533303
Johnson White,tuesday,7378500
Johnson White,tuesday,4170996
Johnson White,tuesday,7596476
Johnson White,tuesday,8834682
Johnson White,tuesday,7406556
Johnson White,tuesday,8563104
Johnson White,tuesday,4752982
Johnson White,tuesday,5535399
Johnson White,tuesday,5416301
Johnson White,tuesday,6829113
Johnson White,tuesday,5756965
Johnson White,tuesday,7411751
Johnson White,tuesday,6124507
Livia Karsen,tuesday,12086205
Livia Karsen,tuesday,14672444
Livia Karsen,tuesday,12118011
Livia Karsen,tuesday,12884323
Livia Karsen,tuesday,9947169
Livia Karsen,tuesday,11866108
Livia Karsen,tuesday,673438
Livia Karsen,tuesday,17311693
Livia Karsen,tuesday,9212663
Livia Karsen,tuesday,10266278
Livia Karsen,tuesday,10518182
Livia Karsen,tuesday,6175627
Livia Karsen,tuesday,8950158
Livia Karsen,tuesday,2671055
Livia Karsen,tuesday,6342715
Marjorie Green,tuesday,6541172
Marjorie Green,tuesday,8467689
Marjorie Green,tuesday,4681812
Marjorie Green,tuesday,8315365
Marjorie Green,tuesday,8354280
Marjorie Green,tuesday,5631116
Marjorie Green,tuesday,6285889
Marjorie Green,tuesday,10163717
Marjorie Green,tuesday,5604765
Marjorie Green,tuesday,4527374
Marjorie Green,tuesday,9379301
Marjorie Green,tuesday,3910293
Marjorie Green,tuesday,6003255
Marjorie Green,tuesday,7259988
Marjorie Green,tuesday,7362947
Meander Smith,tuesday,5072238
Meander Smith,tuesday,3988342
Meander Smith,tuesday,3615725
Meander Smith,tuesday,4752229
Meander Smith,tuesday,4721262
Meander Smith,tuesday,3935733
Meander Smith,tuesday,4475503
Meander Smith,tuesday,3720195
Meander Smith,tuesday,4391927
Meander Smith,tuesday,6837191
Meander Smith,tuesday,3689228
Meander Smith,tuesday,3348325
Meander Smith,tuesday,4359465
Meander Smith,tuesday,3347578
Meander Smith,tuesday,3659007
Michael O'Leary,tuesday,12197075
Michael O'Leary,tuesday,5283581
Michael O'Leary,tuesday,7957429
Michael O'Leary,tuesday,8772385
Michael O'Leary,tuesday,5338536
Michael O'Leary,tuesday,11308845
Michael O'Leary,tuesday,7847519
Michael O'Leary,tuesday,6135174
Michael O'Leary,tuesday,7920793
Michael O'Leary,tuesday,17361587
Michael O'Leary,tuesday,4441148
Michael O'Leary,tuesday,7014245
Michael O'Leary,tuesday,7893315
Michael O'Leary,tuesday,6135174
Michael O'Leary,tuesday,9651456
Michel DeFrance,tuesday,22371653
Michel DeFrance,tuesday,28110091
Michel DeFrance,tuesday,26310925
Michel DeFrance,tuesday,24973454
Michel DeFrance,tuesday,40170795
Michel DeFrance,tuesday,34165148
Michel DeFrance,tuesday,32827677
Michel DeFrance,tuesday,37309950
Michel DeFrance,tuesday,36573055
Michel DeFrance,tuesday,24630390
Michel DeFrance,tuesday,34047874
Michel DeFrance,tuesday,32801232
Michel DeFrance,tuesday,32985604
Michel DeFrance,tuesday,28252452
Michel DeFrance,tuesday,31890079
Morningstar Greene,tuesday,4991193
Morningstar Greene,tuesday,3212181
Morningstar Greene,tuesday,6839482
Morningstar Greene,tuesday,4526580
Morningstar Greene,tuesday,4344816
Morningstar Greene,tuesday,3253740
Morningstar Greene,tuesday,6684156
Morningstar Greene,tuesday,4051661
Morningstar Greene,tuesday,2879018
Morningstar Greene,tuesday,3048862
Morningstar Greene,tuesday,5276036
Morningstar Greene,tuesday,5219528
Morningstar Greene,tuesday,3305851
Morningstar Greene,tuesday,3888578
Morningstar Greene,tuesday,6215751
Reginald Blotchet-Halls,tuesday,3934180
Reginald Blotchet-Halls,tuesday,7235258
Reginald Blotchet-Halls,tuesday,8562764
Reginald Blotchet-Halls,tuesday,5148099
Reginald Blotchet-Halls,tuesday,6382907
Reginald Blotchet-Halls,tuesday,6610038
Reginald Blotchet-Halls,tuesday,7326648
Reginald Blotchet-Halls,tuesday,7448030
Reginald Blotchet-Halls,tuesday,5517501
Reginald Blotchet-Halls,tuesday,6187126
Reginald Blotchet-Halls,tuesday,5273424
Reginald Blotchet-Halls,tuesday,5447004
Reginald Blotchet-Halls,tuesday,4439330
Reginald Blotchet-Halls,tuesday,4051667
Reginald Blotchet-Halls,tuesday,5734172
Sheryl Hunter,tuesday,9014124
Sheryl Hunter,tuesday,9025829
Sheryl Hunter,tuesday,9388115
Sheryl Hunter,tuesday,13627246
Sheryl Hunter,tuesday,9914223
Sheryl Hunter,tuesday,15351655
Sheryl Hunter,tuesday,11991164
Sheryl Hunter,tuesday,11910347
Sheryl Hunter,tuesday,11998967
Sheryl Hunter,tuesday,10068054
Sheryl Hunter,tuesday,9891107
Sheryl Hunter,tuesday,12068373
Sheryl Hunter,tuesday,9214775
Sheryl Hunter,tuesday,9723326
Sheryl Hunter,tuesday,10567438
Stearns MacFeather,tuesday,1389036
Stearns MacFeather,tuesday,1589341
Stearns MacFeather,tuesday,2128177
Stearns MacFeather,tuesday,2334851
Stearns MacFeather,tuesday,1493524
Stearns MacFeather,tuesday,2545533
Stearns MacFeather,tuesday,1721420
Stearns MacFeather,tuesday,2171032
Stearns MacFeather,tuesday,3212664
Stearns MacFeather,tuesday,1965385
Stearns MacFeather,tuesday,2008751
Stearns MacFeather,tuesday,2241089
Stearns MacFeather,tuesday,2485934
Stearns MacFeather,tuesday,2121787
Stearns MacFeather,tuesday,1647976
Sylvia Panteley,tuesday,5918946
Sylvia Panteley,tuesday,4543939
Sylvia Panteley,tuesday,7036677
Sylvia Panteley,tuesday,6008738
Sylvia Panteley,tuesday,6434177
Sylvia Panteley,tuesday,7955447
Sylvia Panteley,tuesday,3898298
Sylvia Panteley,tuesday,6569433
Sylvia Panteley,tuesday,7498056
Sylvia Panteley,tuesday,6591629
Sylvia Panteley,tuesday,7478925
Sylvia Panteley,tuesday,7301419
Sylvia Panteley,tuesday,7705850
Sylvia Panteley,tuesday,6824418
Sylvia Panteley,tuesday,7523943
Abraham Bennet,wednesday,17560172
Abraham Bennet,wednesday,20344916
Abraham Bennet,wednesday,14631787
Abraham Bennet,wednesday,9907272
Abraham Bennet,wednesday,22683225
Abraham Bennet,wednesday,17103206
Abraham Bennet,wednesday,13792675
Abraham Bennet,wednesday,14253544
Abraham Bennet,wednesday,12599948
Abraham Bennet,wednesday,13280201
Abraham Bennet,wednesday,14507824
Abraham Bennet,wednesday,15830734
Abraham Bennet,wednesday,11087698
Abraham Bennet,wednesday,17259606
Albert Ringer,wednesday,32223207
Albert Ringer,wednesday,28261260
Albert Ringer,wednesday,24858998
Albert Ringer,wednesday,30008010
Albert Ringer,wednesday,32101947
Albert Ringer,wednesday,34870028
Albert Ringer,wednesday,22902820
Albert Ringer,wednesday,38469653
Albert Ringer,wednesday,34036059
Albert Ringer,wednesday,22133358
Albert Ringer,wednesday,18314662
Albert Ringer,wednesday,30534328
Albert Ringer,wednesday,26581537
Albert Ringer,wednesday,28422550
Ann Dull,wednesday,2454601
Ann Dull,wednesday,2717257
Ann Dull,wednesday,2673646
Ann Dull,wednesday,2695763
Ann Dull,wednesday,2092064
Ann Dull,wednesday,2305118
Ann Dull,wednesday,2506814
Ann Dull,wednesday,3265051
Ann Dull,wednesday,2346145
Ann Dull,wednesday,2635401
Ann Dull,wednesday,2607578
Ann Dull,wednesday,3347219
Ann Dull,wednesday,1839830
Ann Dull,wednesday,2102512
Anne Ringer,wednesday,3146829
Anne Ringer,wednesday,2622880
Anne Ringer,wednesday,2861809
Anne Ringer,wednesday,3149963
Anne Ringer,wednesday,2016153
Anne Ringer,wednesday,3839467
Anne Ringer,wednesday,2423772
Anne Ringer,wednesday,5291850
Anne Ringer,wednesday,2583058
Anne Ringer,wednesday,2907899
Anne Ringer,wednesday,4078397
Anne Ringer,wednesday,2907899
Anne Ringer,wednesday,4764767
Anne Ringer,wednesday,3511492
Burt Gringlesby,wednesday,9806981
Burt Gringlesby,wednesday,9660259
Burt Gringlesby,wednesday,5662931
Burt Gringlesby,wednesday,8095555
Burt Gringlesby,wednesday,10497285
Burt Gringlesby,wednesday,8084144
Burt Gringlesby,wednesday,6598084
Burt Gringlesby,wednesday,9047118
Burt Gringlesby,wednesday,8026452
Burt Gringlesby,wednesday,9106568
Burt Gringlesby,wednesday,10466402
Burt Gringlesby,wednesday,6346933
Burt Gringlesby,wednesday,8107423
Burt Gringlesby,wednesday,9541358
Charlene Locksley,wednesday,9270384
Charlene Locksley,wednesday,7104429
Charlene Locksley,wednesday,6174561
Charlene Locksley,wednesday,8459075
Charlene Locksley,wednesday,7106468
Charlene Locksley,wednesday,7232676
Charlene Locksley,wednesday,7792844
Charlene Locksley,wednesday,7746950
Charlene Locksley,wednesday,6434626
Charlene Locksley,wednesday,6064414
Charlene Locksley,wednesday,8488907
Charlene Locksley,wednesday,8169177
Charlene Locksley,wednesday,7792333
Charlene Locksley,wednesday,8894561
Cheryl Carson,wednesday,3799906
Cheryl Carson,wednesday,4374846
Cheryl Carson,wednesday,3720192
Cheryl Carson,wednesday,4503668
Cheryl Carson,wednesday,4821345
Cheryl Carson,wednesday,5136776
Cheryl Carson,wednesday,4635117
Cheryl Carson,wednesday,4950929
Cheryl Carson,wednesday,3141102
Cheryl Carson,wednesday,5654691
Cheryl Carson,wednesday,4897291
Cheryl Carson,wednesday,6512971
Cheryl Carson,wednesday,5845068
Cheryl Carson,wednesday,4735997
Dean Straight,wednesday,12855372
Dean Straight,wednesday,15346593
Dean Straight,wednesday,9285846
Dean Straight,wednesday,9461619
Dean Straight,wednesday,10345486
Dean Straight,wednesday,11774409
Dean Straight,wednesday,11795369
Dean Straight,wednesday,16759017
Dean Straight,wednesday,12743215
Dean Straight,wednesday,14399904
Dean Straight,wednesday,8449943
Dean Straight,wednesday,14720857
Dean Straight,wednesday,7350777
Dean Straight,wednesday,12804439
Dirk Stringer,wednesday,48237274
Dirk Stringer,wednesday,39555623
Dirk Stringer,wednesday,30148296
Dirk Stringer,wednesday,78385571
Dirk Stringer,wednesday,45585282
Dirk Stringer,wednesday,53567707
Dirk Stringer,wednesday,41006973
Dirk Stringer,wednesday,29673329
Dirk Stringer,wednesday,30649711
Dirk Stringer,wednesday,47762307
Dirk Stringer,wednesday,61272976
Dirk Stringer,wednesday,58845243
Dirk Stringer,wednesday,31850354
Dirk Stringer,wednesday,45835990
Heather McBadden,wednesday,18924861
Heather McBadden,wednesday,15713318
Heather McBadden,wednesday,14830291
Heather McBadden,wednesday,20993289
Heather McBadden,wednesday,15305197
Heather McBadden,wednesday,19474457
Heather McBadden,wednesday,17306539
Heather McBadden,wednesday,19791127
Heather McBadden,wednesday,10585961
Heather McBadden,wednesday,12905836
Heather McBadden,wednesday,26011432
Heather McBadden,wednesday,21342600
Heather McBadden,wednesday,23924371
Heather McBadden,wednesday,12370391
Innes del Castillo,wednesday,11659379
Innes del Castillo,wednesday,20255613
Innes del Castillo,wednesday,13162269
Innes del Castillo,wednesday,25155538
Innes del Castillo,wednesday,24652273
Innes del Castillo,wednesday,12993866
Innes del Castillo,wednesday,15199051
Innes del Castillo,wednesday,18311491
Innes del Castillo,wednesday,12306885
Innes del Castillo,wednesday,19373151
Innes del Castillo,wednesday,17338313
Innes del Castillo,wednesday,19400229
Innes del Castillo,wednesday,18687142
Innes del Castillo,wednesday,17234860
Johnson White,wednesday,4354487
Johnson White,wednesday,6404159
Johnson White,wednesday,5035918
Johnson White,wednesday,5890855
Johnson White,wednesday,8111713
Johnson White,wednesday,8071635
Johnson White,wednesday,8920670
Johnson White,wednesday,7637780
Johnson White,wednesday,4998943
Johnson White,wednesday,5735002
Johnson White,wednesday,7627867
Johnson White,wednesday,5599162
Johnson White,wednesday,3949366
Johnson White,wednesday,6699004
Livia Karsen,wednesday,16198060
Livia Karsen,wednesday,14356929
Livia Karsen,wednesday,14388735
Livia Karsen,wednesday,15935555
Livia Karsen,wednesday,10255676
Livia Karsen,wednesday,4628808
Livia Karsen,wednesday,12767701
Livia Karsen,wednesday,9971967
Livia Karsen,wednesday,11897914
Livia Karsen,wednesday,9297479
Livia Karsen,wednesday,4565196
Livia Karsen,wednesday,14179240
Livia Karsen,wednesday,11624807
Livia Karsen,wednesday,6594618
Marjorie Green,wednesday,7273776
Marjorie Green,wednesday,6272659
Marjorie Green,wednesday,9713082
Marjorie Green,wednesday,6555293
Marjorie Green,wednesday,5914083
Marjorie Green,wednesday,7723745
Marjorie Green,wednesday,5516484
Marjorie Green,wednesday,5708057
Marjorie Green,wednesday,6093983
Marjorie Green,wednesday,6787005
Marjorie Green,wednesday,4977343
Marjorie Green,wednesday,6208282
Marjorie Green,wednesday,6914867
Marjorie Green,wednesday,9290687
Meander Smith,wednesday,3965953
Meander Smith,wednesday,5083058
Meander Smith,wednesday,3784372
Meander Smith,wednesday,3308031
Meander Smith,wednesday,4029383
Meander Smith,wednesday,2531829
Meander Smith,wednesday,4264320
Meander Smith,wednesday,2616153
Meander Smith,wednesday,2690403
Meander Smith,wednesday,3976774
Meander Smith,wednesday,3997668
Meander Smith,wednesday,2657194
Meander Smith,wednesday,2668014
Meander Smith,wednesday,4082739
Michael O'Leary,wednesday,7884156
Michael O'Leary,wednesday,12206234
Michael O'Leary,wednesday,9614819
Michael O'Leary,wednesday,10420616
Michael O'Leary,wednesday,7032563
Michael O'Leary,wednesday,9550705
Michael O'Leary,wednesday,11345482
Michael O'Leary,wednesday,8754067
Michael O'Leary,wednesday,9651456
Michael O'Leary,wednesday,9587341
Michael O'Leary,wednesday,10466412
Michael O'Leary,wednesday,7920793
Michael O'Leary,wednesday,9614819
Michael O'Leary,wednesday,10475571
Michel DeFrance,wednesday,31881323
Michel DeFrance,wednesday,35905381
Michel DeFrance,wednesday,34767847
Michel DeFrance,wednesday,32952350
Michel DeFrance,wednesday,34507446
Michel DeFrance,wednesday,32182968
Michel DeFrance,wednesday,35720244
Michel DeFrance,wednesday,39985658
Michel DeFrance,wednesday,32442603
Michel DeFrance,wednesday,28470077
Michel DeFrance,wednesday,33420853
Michel DeFrance,wednesday,26755697
Michel DeFrance,wednesday,22263136
Michel DeFrance,wednesday,17948312
Morningstar Greene,wednesday,5013653
Morningstar Greene,wednesday,6036167
Morningstar Greene,wednesday,3384856
Morningstar Greene,wednesday,4797940
Morningstar Greene,wednesday,3280128
Morningstar Greene,wednesday,3889193
Morningstar Greene,wednesday,6022548
Morningstar Greene,wednesday,4008391
Morningstar Greene,wednesday,2808792
Morningstar Greene,wednesday,8726917
Morningstar Greene,wednesday,3538816
Morningstar Greene,wednesday,2068991
Morningstar Greene,wednesday,5920134
Morningstar Greene,wednesday,5342272
Reginald Blotchet-Halls,wednesday,5927368
Reginald Blotchet-Halls,wednesday,5722435
Reginald Blotchet-Halls,wednesday,4936641
Reginald Blotchet-Halls,wednesday,5748534
Reginald Blotchet-Halls,wednesday,7270510
Reginald Blotchet-Halls,wednesday,7645125
Reginald Blotchet-Halls,wednesday,3973328
Reginald Blotchet-Halls,wednesday,6309822
Reginald Blotchet-Halls,wednesday,5166360
Reginald Blotchet-Halls,wednesday,6847595
Reginald Blotchet-Halls,wednesday,5251223
Reginald Blotchet-Halls,wednesday,4308796
Reginald Blotchet-Halls,wednesday,5726333
Reginald Blotchet-Halls,wednesday,5714596
Sheryl Hunter,wednesday,11532748
Sheryl Hunter,wednesday,10401609
Sheryl Hunter,wednesday,9322611
Sheryl Hunter,wednesday,7170175
Sheryl Hunter,wednesday,12104852
Sheryl Hunter,wednesday,8996860
Sheryl Hunter,wednesday,11937365
Sheryl Hunter,wednesday,11143444
Sheryl Hunter,wednesday,9969973
Sheryl Hunter,wednesday,8351449
Sheryl Hunter,wednesday,9590423
Sheryl Hunter,wednesday,11735056
Sheryl Hunter,wednesday,7642246
Sheryl Hunter,wednesday,10392148
Stearns MacFeather,wednesday,2062312
Stearns MacFeather,wednesday,1883924
Stearns MacFeather,wednesday,1575022
Stearns MacFeather,wednesday,1209909
Stearns MacFeather,wednesday,1437911
Stearns MacFeather,wednesday,1091103
Stearns MacFeather,wednesday,2243120
Stearns MacFeather,wednesday,2439585
Stearns MacFeather,wednesday,2391676
Stearns MacFeather,wednesday,1773296
Stearns MacFeather,wednesday,2122999
Stearns MacFeather,wednesday,2147529
Stearns MacFeather,wednesday,1648672
Stearns MacFeather,wednesday,926790
Sylvia Panteley,wednesday,6178301
Sylvia Panteley,wednesday,9033760
Sylvia Panteley,wednesday,4939058
Sylvia Panteley,wednesday,4880710
Sylvia Panteley,wednesday,7619568
Sylvia Panteley,wednesday,6625906
Sylvia Panteley,wednesday,7224449
Sylvia Panteley,wednesday,3512491
Sylvia Panteley,wednesday,4871876
Sylvia Panteley,wednesday,8443191
Sylvia Panteley,wednesday,6119984
Sylvia Panteley,wednesday,5078747
Sylvia Panteley,wednesday,5122396
Sylvia Panteley,wednesday,6225906
Abraham Bennet,thursday,12840579
Abraham Bennet,thursday,10042842
Abraham Bennet,thursday,18885140
Abraham Bennet,thursday,18782684
Abraham Bennet,thursday,14570029
Abraham Bennet,thursday,18915088
Abraham Bennet,thursday,14926614
Abraham Bennet,thursday,16903727
Abraham Bennet,thursday,13635252
Abraham Bennet,thursday,15909813
Abraham Bennet,thursday,19373427
Abraham Bennet,thursday,19367494
Abraham Bennet,thursday,18319610
Abraham Bennet,thursday,13661615
Albert Ringer,thursday,20766573
Albert Ringer,thursday,25553930
Albert Ringer,thursday,32013427
Albert Ringer,thursday,26312659
Albert Ringer,thursday,22474772
Albert Ringer,thursday,36722577
Albert Ringer,thursday,28476422
Albert Ringer,thursday,24791058
Albert Ringer,thursday,30937792
Albert Ringer,thursday,21237238
Albert Ringer,thursday,37547649
Albert Ringer,thursday,40106741
Albert Ringer,thursday,27082906
Albert Ringer,thursday,31652965
Ann Dull,thursday,3221726
Ann Dull,thursday,3045694
Ann Dull,thursday,2546592
Ann Dull,thursday,2486855
Ann Dull,thursday,2014951
Ann Dull,thursday,2803908
Ann Dull,thursday,2793772
Ann Dull,thursday,3144613
Ann Dull,thursday,2234620
Ann Dull,thursday,1658432
Ann Dull,thursday,2782102
Ann Dull,thursday,2624017
Ann Dull,thursday,2437538
Ann Dull,thursday,2832614
Anne Ringer,thursday,4522703
Anne Ringer,thursday,2337860
Anne Ringer,thursday,3673912
Anne Ringer,thursday,3067186
Anne Ringer,thursday,4728079
Anne Ringer,thursday,4884231
Anne Ringer,thursday,4602346
Anne Ringer,thursday,2947721
Anne Ringer,thursday,3876155
Anne Ringer,thursday,5696334
Anne Ringer,thursday,3630957
Anne Ringer,thursday,3915976
Anne Ringer,thursday,5049786
Anne Ringer,thursday,2745479
Burt Gringlesby,thursday,8767122
Burt Gringlesby,thursday,6495136
Burt Gringlesby,thursday,6276072
Burt Gringlesby,thursday,7868140
Burt Gringlesby,thursday,6500703
Burt Gringlesby,thursday,6481966
Burt Gringlesby,thursday,5928276
Burt Gringlesby,thursday,9044335
Burt Gringlesby,thursday,9006404
Burt Gringlesby,thursday,6770590
Burt Gringlesby,thursday,8021453
Burt Gringlesby,thursday,7312691
Burt Gringlesby,thursday,6634255
Burt Gringlesby,thursday,8143594
Charlene Locksley,thursday,6193172
Charlene Locksley,thursday,6808410
Charlene Locksley,thursday,7477702
Charlene Locksley,thursday,7612581
Charlene Locksley,thursday,7078169
Charlene Locksley,thursday,6251814
Charlene Locksley,thursday,8274224
Charlene Locksley,thursday,7803042
Charlene Locksley,thursday,6174561
Charlene Locksley,thursday,7953983
Charlene Locksley,thursday,8146994
Charlene Locksley,thursday,6066453
Charlene Locksley,thursday,6978221
Charlene Locksley,thursday,9262224
Cheryl Carson,thursday,4971333
Cheryl Carson,thursday,4267190
Cheryl Carson,thursday,4241875
Cheryl Carson,thursday,3823698
Cheryl Carson,thursday,5472612
Cheryl Carson,thursday,6251559
Cheryl Carson,thursday,6044164
Cheryl Carson,thursday,4849668
Cheryl Carson,thursday,6201309
Cheryl Carson,thursday,4009927
Cheryl Carson,thursday,5128858
Cheryl Carson,thursday,3648395
Cheryl Carson,thursday,4921845
Cheryl Carson,thursday,6898296
Dean Straight,thursday,16974224
Dean Straight,thursday,11568351
Dean Straight,thursday,11270478
Dean Straight,thursday,10171956
Dean Straight,thursday,11001100
Dean Straight,thursday,13911317
Dean Straight,thursday,14929012
Dean Straight,thursday,13019121
Dean Straight,thursday,13360927
Dean Straight,thursday,13548807
Dean Straight,thursday,8094512
Dean Straight,thursday,13889363
Dean Straight,thursday,16703637
Dean Straight,thursday,14470694
Dirk Stringer,thursday,62222910
Dirk Stringer,thursday,49688624
Dirk Stringer,thursday,46561665
Dirk Stringer,thursday,61022268
Dirk Stringer,thursday,50163592
Dirk Stringer,thursday,53791966
Dirk Stringer,thursday,34726606
Dirk Stringer,thursday,50163592
Dirk Stringer,thursday,39555623
Dirk Stringer,thursday,36428663
Dirk Stringer,thursday,42207615
Dirk Stringer,thursday,58146016
Dirk Stringer,thursday,60771560
Dirk Stringer,thursday,48013015
Heather McBadden,thursday,18237549
Heather McBadden,thursday,26118673
Heather McBadden,thursday,22387563
Heather McBadden,thursday,17671717
Heather McBadden,thursday,16101490
Heather McBadden,thursday,22995826
Heather McBadden,thursday,28621316
Heather McBadden,thursday,10899019
Heather McBadden,thursday,28879130
Heather McBadden,thursday,12494615
Heather McBadden,thursday,22341241
Heather McBadden,thursday,18347044
Heather McBadden,thursday,25799861
Heather McBadden,thursday,18692829
Innes del Castillo,thursday,18181301
Innes del Castillo,thursday,13552260
Innes del Castillo,thursday,19517392
Innes del Castillo,thursday,15809316
Innes del Castillo,thursday,20736320
Innes del Castillo,thursday,24248914
Innes del Castillo,thursday,13862619
Innes del Castillo,thursday,27022945
Innes del Castillo,thursday,12801301
Innes del Castillo,thursday,10880710
Innes del Castillo,thursday,16793629
Innes del Castillo,thursday,19504654
Innes del Castillo,thursday,17027613
Innes del Castillo,thursday,17805651
Johnson White,thursday,9140927
Johnson White,thursday,6216048
Johnson White,thursday,5004568
Johnson White,thursday,7237959
Johnson White,thursday,7137955
Johnson White,thursday,7146456
Johnson White,thursday,5573859
Johnson White,thursday,5282759
Johnson White,thursday,8091554
Johnson White,thursday,5928119
Johnson White,thursday,5620749
Johnson White,thursday,6029782
Johnson White,thursday,5900873
Johnson White,thursday,7404049
Livia Karsen,thursday,20682034
Livia Karsen,thursday,8205050
Livia Karsen,thursday,7417534
Livia Karsen,thursday,10454570
Livia Karsen,thursday,17787288
Livia Karsen,thursday,6349723
Livia Karsen,thursday,11242086
Livia Karsen,thursday,12841915
Livia Karsen,thursday,8751264
Livia Karsen,thursday,12096807
Livia Karsen,thursday,17272879
Livia Karsen,thursday,10234472
Livia Karsen,thursday,8236856
Livia Karsen,thursday,17248081
Marjorie Green,thursday,5735074
Marjorie Green,thursday,6298120
Marjorie Green,thursday,6156803
Marjorie Green,thursday,5526268
Marjorie Green,thursday,6193271
Marjorie Green,thursday,8916435
Marjorie Green,thursday,5773657
Marjorie Green,thursday,6003255
Marjorie Green,thursday,8083320
Marjorie Green,thursday,5899630
Marjorie Green,thursday,6310684
Marjorie Green,thursday,7173597
Marjorie Green,thursday,6349266
Marjorie Green,thursday,5785330
Meander Smith,thursday,2689656
Meander Smith,thursday,5030449
Meander Smith,thursday,4103633
Meander Smith,thursday,2603838
Meander Smith,thursday,3689975
Meander Smith,thursday,6528750
Meander Smith,thursday,5008061
Meander Smith,thursday,2603838
Meander Smith,thursday,4071171
Meander Smith,thursday,3274075
Meander Smith,thursday,5400825
Meander Smith,thursday,2657194
Meander Smith,thursday,5422466
Meander Smith,thursday,3604904
Michael O'Leary,thursday,6968449
Michael O'Leary,thursday,15612606
Michael O'Leary,thursday,5320218
Michael O'Leary,thursday,7069200
Michael O'Leary,thursday,8708271
Michael O'Leary,thursday,16528313
Michael O'Leary,thursday,6986767
Michael O'Leary,thursday,11318005
Michael O'Leary,thursday,11354641
Michael O'Leary,thursday,8799863
Michael O'Leary,thursday,12178757
Michael O'Leary,thursday,7050881
Michael O'Leary,thursday,6135174
Michael O'Leary,thursday,6162652
Michel DeFrance,thursday,37995312
Michel DeFrance,thursday,35059969
Michel DeFrance,thursday,34950861
Michel DeFrance,thursday,28920892
Michel DeFrance,thursday,28375769
Michel DeFrance,thursday,32275153
Michel DeFrance,thursday,40847992
Michel DeFrance,thursday,29105263
Michel DeFrance,thursday,36165016
Michel DeFrance,thursday,32785667
Michel DeFrance,thursday,39417569
Michel DeFrance,thursday,35428121
Michel DeFrance,thursday,33094121
Michel DeFrance,thursday,36733105
Morningstar Greene,thursday,6650676
Morningstar Greene,thursday,5171491
Morningstar Greene,thursday,4641148
Morningstar Greene,thursday,3607996
Morningstar Greene,thursday,3019260
Morningstar Greene,thursday,3297526
Morningstar Greene,thursday,5483560
Morningstar Greene,thursday,4578076
Morningstar Greene,thursday,3608747
Morningstar Greene,thursday,3832120
Morningstar Greene,thursday,3684969
Morningstar Greene,thursday,4717371
Morningstar Greene,thursday,2387217
Morningstar Greene,thursday,6726898
Reginald Blotchet-Halls,thursday,5441791
Reginald Blotchet-Halls,thursday,7018591
Reginald Blotchet-Halls,thursday,5995240
Reginald Blotchet-Halls,thursday,5688500
Reginald Blotchet-Halls,thursday,5775944
Reginald Blotchet-Halls,thursday,6016130
Reginald Blotchet-Halls,thursday,6068325
Reginald Blotchet-Halls,thursday,6512127
Reginald Blotchet-Halls,thursday,5406542
Reginald Blotchet-Halls,thursday,6254995
Reginald Blotchet-Halls,thursday,6232797
Reginald Blotchet-Halls,thursday,8852520
Reginald Blotchet-Halls,thursday,7569412
Reginald Blotchet-Halls,thursday,7138658
Sheryl Hunter,thursday,11234015
Sheryl Hunter,thursday,10002844
Sheryl Hunter,thursday,15700522
Sheryl Hunter,thursday,5910034
Sheryl Hunter,thursday,11239868
Sheryl Hunter,thursday,11050922
Sheryl Hunter,thursday,12135772
Sheryl Hunter,thursday,11704136
Sheryl Hunter,thursday,8908239
Sheryl Hunter,thursday,11937365
Sheryl Hunter,thursday,7948782
Sheryl Hunter,thursday,10471014
Sheryl Hunter,thursday,10268706
Sheryl Hunter,thursday,9922027
Stearns MacFeather,thursday,1209563
Stearns MacFeather,thursday,2198950
Stearns MacFeather,thursday,1772104
Stearns MacFeather,thursday,1070764
Stearns MacFeather,thursday,1567317
Stearns MacFeather,thursday,900904
Stearns MacFeather,thursday,1920166
Stearns MacFeather,thursday,1495209
Stearns MacFeather,thursday,1501965
Stearns MacFeather,thursday,1632196
Stearns MacFeather,thursday,1478363
Stearns MacFeather,thursday,1522797
Stearns MacFeather,thursday,2362422
Stearns MacFeather,thursday,1952769
Sylvia Panteley,thursday,8020966
Sylvia Panteley,thursday,6120462
Sylvia Panteley,thursday,8097491
Sylvia Panteley,thursday,6000764
Sylvia Panteley,thursday,7812218
Sylvia Panteley,thursday,6525847
Sylvia Panteley,thursday,7181275
Sylvia Panteley,thursday,3129777
Sylvia Panteley,thursday,7036646
Sylvia Panteley,thursday,4032663
Sylvia Panteley,thursday,6245483
Sylvia Panteley,thursday,8308349
Sylvia Panteley,thursday,7372080
Sylvia Panteley,thursday,5706656
Abraham Bennet,friday,15885937
Abraham Bennet,friday,16393279
Abraham Bennet,friday,12097030
Abraham Bennet,friday,15841924
Abraham Bennet,friday,17299536
Abraham Bennet,friday,11573829
Abraham Bennet,friday,22160506
Abraham Bennet,friday,18453242
Abraham Bennet,friday,20784307
Abraham Bennet,friday,14243700
Abraham Bennet,friday,15053618
Abraham Bennet,friday,19036185
Abraham Bennet,friday,15688162
Abraham Bennet,friday,19424100
Albert Ringer,friday,33823705
Albert Ringer,friday,19411237
Albert Ringer,friday,20830150
Albert Ringer,friday,19215082
Albert Ringer,friday,27587804
Albert Ringer,friday,29564483
Albert Ringer,friday,19305994
Albert Ringer,friday,26226218
Albert Ringer,friday,42404974
Albert Ringer,friday,16731498
Albert Ringer,friday,27369093
Albert Ringer,friday,21977012
Albert Ringer,friday,22418705
Albert Ringer,friday,30626186
Ann Dull,friday,2947062
Ann Dull,friday,2579470
Ann Dull,friday,2102512
Ann Dull,friday,2502981
Ann Dull,friday,2310511
Ann Dull,friday,3445539
Ann Dull,friday,2453379
Ann Dull,friday,3298838
Ann Dull,friday,2233710
Ann Dull,friday,2475185
Ann Dull,friday,3150889
Ann Dull,friday,2751044
Ann Dull,friday,2673022
Ann Dull,friday,2508972
Anne Ringer,friday,5371493
Anne Ringer,friday,3024230
Anne Ringer,friday,2420638
Anne Ringer,friday,4075263
Anne Ringer,friday,5414449
Anne Ringer,friday,4439925
Anne Ringer,friday,3876155
Anne Ringer,friday,2301173
Anne Ringer,friday,2864944
Anne Ringer,friday,2583058
Anne Ringer,friday,4568793
Anne Ringer,friday,3107007
Anne Ringer,friday,3670778
Anne Ringer,friday,4035441
Burt Gringlesby,friday,6058309
Burt Gringlesby,friday,6525006
Burt Gringlesby,friday,9377480
Burt Gringlesby,friday,6739985
Burt Gringlesby,friday,9033948
Burt Gringlesby,friday,6909708
Burt Gringlesby,friday,7883816
Burt Gringlesby,friday,7821860
Burt Gringlesby,friday,12396158
Burt Gringlesby,friday,9451581
Burt Gringlesby,friday,7188224
Burt Gringlesby,friday,7198332
Burt Gringlesby,friday,6071936
Burt Gringlesby,friday,6703814
Charlene Locksley,friday,6999382
Charlene Locksley,friday,7236248
Charlene Locksley,friday,7692896
Charlene Locksley,friday,8337454
Charlene Locksley,friday,6623560
Charlene Locksley,friday,7047315
Charlene Locksley,friday,6865525
Charlene Locksley,friday,5983589
Charlene Locksley,friday,5822449
Charlene Locksley,friday,8595993
Charlene Locksley,friday,8603641
Charlene Locksley,friday,5107263
Charlene Locksley,friday,5637088
Charlene Locksley,friday,7208965
Cheryl Carson,friday,7064119
Cheryl Carson,friday,2962030
Cheryl Carson,friday,6102332
Cheryl Carson,friday,7714244
Cheryl Carson,friday,6165449
Cheryl Carson,friday,6466871
Cheryl Carson,friday,7589571
Cheryl Carson,friday,5397808
Cheryl Carson,friday,4800560
Cheryl Carson,friday,4038630
Cheryl Carson,friday,5236514
Cheryl Carson,friday,4217321
Cheryl Carson,friday,7095829
Cheryl Carson,friday,5622219
Dean Straight,friday,11468567
Dean Straight,friday,17244621
Dean Straight,friday,11611184
Dean Straight,friday,12901240
Dean Straight,friday,8523071
Dean Straight,friday,15440949
Dean Straight,friday,12840082
Dean Straight,friday,9310313
Dean Straight,friday,11428571
Dean Straight,friday,11802986
Dean Straight,friday,13483406
Dean Straight,friday,14156175
Dean Straight,friday,12347573
Dean Straight,friday,13490081
Dirk Stringer,friday,69453212
Dirk Stringer,friday,42933290
Dirk Stringer,friday,50414299
Dirk Stringer,friday,44635347
Dirk Stringer,friday,45361022
Dirk Stringer,friday,73081587
Dirk Stringer,friday,34502346
Dirk Stringer,friday,38354980
Dirk Stringer,friday,51865649
Dirk Stringer,friday,37629306
Dirk Stringer,friday,46310957
Dirk Stringer,friday,40281298
Dirk Stringer,friday,58845243
Dirk Stringer,friday,38354980
Heather McBadden,friday,23142284
Heather McBadden,friday,15250010
Heather McBadden,friday,19948616
Heather McBadden,friday,9308707
Heather McBadden,friday,20863702
Heather McBadden,friday,15785433
Heather McBadden,friday,18790155
Heather McBadden,friday,15242538
Heather McBadden,friday,18008817
Heather McBadden,friday,18008850
Heather McBadden,friday,24152400
Heather McBadden,friday,17990239
Heather McBadden,friday,13259684
Heather McBadden,friday,16117357
Innes del Castillo,friday,8974460
Innes del Castillo,friday,19607135
Innes del Castillo,friday,18388207
Innes del Castillo,friday,19453414
Innes del Castillo,friday,13099263
Innes del Castillo,friday,22031963
Innes del Castillo,friday,19425363
Innes del Castillo,friday,16974429
Innes del Castillo,friday,15899401
Innes del Castillo,friday,12072901
Innes del Castillo,friday,19283066
Innes del Castillo,friday,17752466
Innes del Castillo,friday,15600466
Innes del Castillo,friday,13253957
Johnson White,friday,4653961
Johnson White,friday,6767066
Johnson White,friday,4248019
Johnson White,friday,5525743
Johnson White,friday,6289168
Johnson White,friday,8655160
Johnson White,friday,10412557
Johnson White,friday,8851944
Johnson White,friday,7663370
Johnson White,friday,6148318
Johnson White,friday,4803816
Johnson White,friday,6243155
Johnson White,friday,7209033
Johnson White,friday,4286612
Livia Karsen,friday,14083822
Livia Karsen,friday,13650635
Livia Karsen,friday,15694253
Livia Karsen,friday,5015992
Livia Karsen,friday,12380517
Livia Karsen,friday,24432372
Livia Karsen,friday,14211046
Livia Karsen,friday,8194448
Livia Karsen,friday,9212663
Livia Karsen,friday,14264056
Livia Karsen,friday,9794278
Livia Karsen,friday,12065001
Livia Karsen,friday,5342110
Livia Karsen,friday,14598230
Marjorie Green,friday,6131675
Marjorie Green,friday,7209399
Marjorie Green,friday,8970694
Marjorie Green,friday,4757529
Marjorie Green,friday,6079862
Marjorie Green,friday,6131675
Marjorie Green,friday,7004039
Marjorie Green,friday,5041053
Marjorie Green,friday,8199509
Marjorie Green,friday,6630677
Marjorie Green,friday,8739316
Marjorie Green,friday,6157136
Marjorie Green,friday,11524966
Marjorie Green,friday,7377401
Meander Smith,friday,2924593
Meander Smith,friday,3720942
Meander Smith,friday,5051343
Meander Smith,friday,1934348
Meander Smith,friday,4329244
Meander Smith,friday,3669828
Meander Smith,friday,3614977
Meander Smith,friday,2946235
Meander Smith,friday,5359784
Meander Smith,friday,3625798
Meander Smith,friday,3296463
Meander Smith,friday,5423214
Meander Smith,friday,2583691
Meander Smith,friday,5071490
Michael O'Leary,friday,7874997
Michael O'Leary,friday,11345482
Michael O'Leary,friday,11281368
Michael O'Leary,friday,16409243
Michael O'Leary,friday,11327164
Michael O'Leary,friday,9678933
Michael O'Leary,friday,12123802
Michael O'Leary,friday,10512208
Michael O'Leary,friday,7005085
Michael O'Leary,friday,6245085
Michael O'Leary,friday,10548845
Michael O'Leary,friday,7041722
Michael O'Leary,friday,11308845
Michael O'Leary,friday,9623978
Michel DeFrance,friday,31555947
Michel DeFrance,friday,38497660
Michel DeFrance,friday,21778476
Michel DeFrance,friday,35077657
Michel DeFrance,friday,41725125
Michel DeFrance,friday,39627794
Michel DeFrance,friday,29171005
Michel DeFrance,friday,37375691
Michel DeFrance,friday,36297855
Michel DeFrance,friday,40102931
Michel DeFrance,friday,30770233
Michel DeFrance,friday,26144242
Michel DeFrance,friday,36590743
Michel DeFrance,friday,29265313
Morningstar Greene,friday,7379985
Morningstar Greene,friday,4413428
Morningstar Greene,friday,4362031
Morningstar Greene,friday,3684168
Morningstar Greene,friday,6537856
Morningstar Greene,friday,4594294
Morningstar Greene,friday,4552353
Morningstar Greene,friday,3000297
Morningstar Greene,friday,3036425
Morningstar Greene,friday,5039426
Morningstar Greene,friday,4186326
Morningstar Greene,friday,4716619
Morningstar Greene,friday,4472252
Morningstar Greene,friday,2953676
Reginald Blotchet-Halls,friday,5728959
Reginald Blotchet-Halls,friday,5796831
Reginald Blotchet-Halls,friday,7583774
Reginald Blotchet-Halls,friday,7263986
Reginald Blotchet-Halls,friday,6606098
Reginald Blotchet-Halls,friday,6281097
Reginald Blotchet-Halls,friday,6791456
Reginald Blotchet-Halls,friday,7770450
Reginald Blotchet-Halls,friday,7822645
Reginald Blotchet-Halls,friday,7188272
Reginald Blotchet-Halls,friday,6670075
Reginald Blotchet-Halls,friday,7099514
Reginald Blotchet-Halls,friday,6594364
Reginald Blotchet-Halls,friday,7599454
Sheryl Hunter,friday,10197349
Sheryl Hunter,friday,15548404
Sheryl Hunter,friday,10486621
Sheryl Hunter,friday,9318709
Sheryl Hunter,friday,13842917
Sheryl Hunter,friday,10081710
Sheryl Hunter,friday,13234040
Sheryl Hunter,friday,15500165
Sheryl Hunter,friday,10946988
Sheryl Hunter,friday,11428521
Sheryl Hunter,friday,10642403
Sheryl Hunter,friday,8931356
Sheryl Hunter,friday,7752326
Sheryl Hunter,friday,10758042
Stearns MacFeather,friday,2351125
Stearns MacFeather,friday,1280808
Stearns MacFeather,friday,2209182
Stearns MacFeather,friday,2048343
Stearns MacFeather,friday,1826463
Stearns MacFeather,friday,2935073
Stearns MacFeather,friday,1539399
Stearns MacFeather,friday,1235795
Stearns MacFeather,friday,2636996
Stearns MacFeather,friday,2171012
Stearns MacFeather,friday,1364834
Stearns MacFeather,friday,2159957
Stearns MacFeather,friday,2050541
Stearns MacFeather,friday,2212901
Sylvia Panteley,friday,10983026
Sylvia Panteley,friday,5450303
Sylvia Panteley,friday,6597940
Sylvia Panteley,friday,5999426
Sylvia Panteley,friday,5922870
Sylvia Panteley,friday,4452269
Sylvia Panteley,friday,8665683
Sylvia Panteley,friday,4330758
Sylvia Panteley,friday,7195051
Sylvia Panteley,friday,8815193
Sylvia Panteley,friday,6038580
Sylvia Panteley,friday,6882227
Sylvia Panteley,friday,6535635
Sylvia Panteley,friday,3521833
Abraham Bennet,saturday,11152562
Abraham Bennet,saturday,22023196
Abraham Bennet,saturday,19758892
Abraham Bennet,saturday,14825772
Abraham Bennet,saturday,13941920
Abraham Bennet,saturday,13969145
Abraham Bennet,saturday,17027948
Abraham Bennet,saturday,19388450
Abraham Bennet,saturday,16454101
Abraham Bennet,saturday,12116144
Abraham Bennet,saturday,14873160
Abraham Bennet,saturday,13774826
Abraham Bennet,saturday,15375995
Abraham Bennet,saturday,14674933
Albert Ringer,saturday,24009659
Albert Ringer,saturday,25120896
Albert Ringer,saturday,29061032
Albert Ringer,saturday,28545150
Albert Ringer,saturday,20471624
Albert Ringer,saturday,26695341
Albert Ringer,saturday,22810546
Albert Ringer,saturday,21821393
Albert Ringer,saturday,30130396
Albert Ringer,saturday,26821846
Albert Ringer,saturday,14909343
Albert Ringer,saturday,37100460
Albert Ringer,saturday,23325085
Albert Ringer,saturday,28232645
Ann Dull,saturday,2173634
Ann Dull,saturday,2465335
Ann Dull,saturday,3051685
Ann Dull,saturday,2701130
Ann Dull,saturday,2964124
Ann Dull,saturday,2376552
Ann Dull,saturday,2754279
Ann Dull,saturday,3128798
Ann Dull,saturday,2507724
Ann Dull,saturday,2749225
Ann Dull,saturday,2442619
Ann Dull,saturday,3309598
Ann Dull,saturday,2503579
Ann Dull,saturday,2530492
Anne Ringer,saturday,4522703
Anne Ringer,saturday,4240817
Anne Ringer,saturday,3876155
Anne Ringer,saturday,3958932
Anne Ringer,saturday,3998754
Anne Ringer,saturday,2662701
Anne Ringer,saturday,3474804
Anne Ringer,saturday,1372739
Anne Ringer,saturday,3912842
Anne Ringer,saturday,4645302
Anne Ringer,saturday,1813911
Anne Ringer,saturday,3597403
Anne Ringer,saturday,4038575
Anne Ringer,saturday,2463593
Burt Gringlesby,saturday,8509103
Burt Gringlesby,saturday,9537094
Burt Gringlesby,saturday,7074889
Burt Gringlesby,saturday,7440398
Burt Gringlesby,saturday,7767976
Burt Gringlesby,saturday,8075794
Burt Gringlesby,saturday,9946100
Burt Gringlesby,saturday,9119460
Burt Gringlesby,saturday,7031392
Burt Gringlesby,saturday,7827427
Burt Gringlesby,saturday,5687234
Burt Gringlesby,saturday,7201116
Burt Gringlesby,saturday,6531308
Burt Gringlesby,saturday,6462772
Charlene Locksley,saturday,6811471
Charlene Locksley,saturday,6540696
Charlene Locksley,saturday,8152604
Charlene Locksley,saturday,5475437
Charlene Locksley,saturday,5507819
Charlene Locksley,saturday,7746438
Charlene Locksley,saturday,6623049
Charlene Locksley,saturday,7637314
Charlene Locksley,saturday,4193968
Charlene Locksley,saturday,7392289
Charlene Locksley,saturday,8624803
Charlene Locksley,saturday,8096511
Charlene Locksley,saturday,8037358
Charlene Locksley,saturday,9667878
Cheryl Carson,saturday,6301428
Cheryl Carson,saturday,4917315
Cheryl Carson,saturday,3757193
Cheryl Carson,saturday,4796030
Cheryl Carson,saturday,3513178
Cheryl Carson,saturday,3305784
Cheryl Carson,saturday,6437787
Cheryl Carson,saturday,5057062
Cheryl Carson,saturday,5185884
Cheryl Carson,saturday,4743154
Cheryl Carson,saturday,4345382
Cheryl Carson,saturday,6985166
Cheryl Carson,saturday,4742773
Cheryl Carson,saturday,5136776
Dean Straight,saturday,9688193
Dean Straight,saturday,11404979
Dean Straight,saturday,12712366
Dean Straight,saturday,16832765
Dean Straight,saturday,6822582
Dean Straight,saturday,10952102
Dean Straight,saturday,15976346
Dean Straight,saturday,16347576
Dean Straight,saturday,12967664
Dean Straight,saturday,13679021
Dean Straight,saturday,11858311
Dean Straight,saturday,11613079
Dean Straight,saturday,14103508
Dean Straight,saturday,11136247
Dirk Stringer,saturday,56918926
Dirk Stringer,saturday,35702988
Dirk Stringer,saturday,54042674
Dirk Stringer,saturday,34726606
Dirk Stringer,saturday,51865649
Dirk Stringer,saturday,67526895
Dirk Stringer,saturday,61022268
Dirk Stringer,saturday,36177956
Dirk Stringer,saturday,39331363
Dirk Stringer,saturday,60520853
Dirk Stringer,saturday,52564876
Dirk Stringer,saturday,68978245
Dirk Stringer,saturday,48738690
Dirk Stringer,saturday,56443959
Heather McBadden,saturday,9745042
Heather McBadden,saturday,17366856
Heather McBadden,saturday,14670317
Heather McBadden,saturday,15587778
Heather McBadden,saturday,23217666
Heather McBadden,saturday,18972321
Heather McBadden,saturday,15663193
Heather McBadden,saturday,22401457
Heather McBadden,saturday,19659611
Heather McBadden,saturday,19217981
Heather McBadden,saturday,23529386
Heather McBadden,saturday,21536718
Heather McBadden,saturday,18556996
Heather McBadden,saturday,20766207
Innes del Castillo,saturday,14835166
Innes del Castillo,saturday,21163210
Innes del Castillo,saturday,18309888
Innes del Castillo,saturday,26517735
Innes del Castillo,saturday,14330929
Innes del Castillo,saturday,16171257
Innes del Castillo,saturday,12850597
Innes del Castillo,saturday,16727707
Innes del Castillo,saturday,13954648
Innes del Castillo,saturday,24650329
Innes del Castillo,saturday,19917835
Innes del Castillo,saturday,13487310
Innes del Castillo,saturday,16093910
Innes del Castillo,saturday,16754785
Johnson White,saturday,6724852
Johnson White,saturday,7499285
Johnson White,saturday,8493385
Johnson White,saturday,4441360
Johnson White,saturday,6605222
Johnson White,saturday,5667716
Johnson White,saturday,5911913
Johnson White,saturday,8176560
Johnson White,saturday,6823514
Johnson White,saturday,7105266
Johnson White,saturday,5853452
Johnson White,saturday,5595191
Johnson White,saturday,7234797
Johnson White,saturday,5823442
Livia Karsen,saturday,16758470
Livia Karsen,saturday,12348711
Livia Karsen,saturday,11085600
Livia Karsen,saturday,11032590
Livia Karsen,saturday,935944
Livia Karsen,saturday,9826084
Livia Karsen,saturday,10748881
Livia Karsen,saturday,12611216
Livia Karsen,saturday,10748881
Livia Karsen,saturday,21008151
Livia Karsen,saturday,2347482
Livia Karsen,saturday,11525795
Livia Karsen,saturday,5069002
Livia Karsen,saturday,6374521
Marjorie Green,saturday,8429107
Marjorie Green,saturday,7212179
Marjorie Green,saturday,7259988
Marjorie Green,saturday,5272208
Marjorie Green,saturday,6477129
Marjorie Green,saturday,5232626
Marjorie Green,saturday,4578187
Marjorie Green,saturday,6657361
Marjorie Green,saturday,6593318
Marjorie Green,saturday,6914534
Marjorie Green,saturday,5322131
Marjorie Green,saturday,8826930
Marjorie Green,saturday,7583094
Marjorie Green,saturday,8944343
Meander Smith,saturday,6476142
Meander Smith,saturday,2914520
Meander Smith,saturday,2615406
Meander Smith,saturday,5380678
Meander Smith,saturday,2648615
Meander Smith,saturday,3254675
Meander Smith,saturday,3318105
Meander Smith,saturday,2710550
Meander Smith,saturday,3265496
Meander Smith,saturday,4029383
Meander Smith,saturday,4370286
Meander Smith,saturday,3658260
Meander Smith,saturday,4166316
Meander Smith,saturday,4285962
Michael O'Leary,saturday,9614819
Michael O'Leary,saturday,7911633
Michael O'Leary,saturday,6977608
Michael O'Leary,saturday,7014245
Michael O'Leary,saturday,12206234
Michael O'Leary,saturday,12187916
Michael O'Leary,saturday,8772385
Michael O'Leary,saturday,8726589
Michael O'Leary,saturday,9596501
Michael O'Leary,saturday,13030350
Michael O'Leary,saturday,9596501
Michael O'Leary,saturday,9605660
Michael O'Leary,saturday,8735749
Michael O'Leary,saturday,7142473
Michel DeFrance,saturday,34065562
Michel DeFrance,saturday,28461320
Michel DeFrance,saturday,30527520
Michel DeFrance,saturday,25198479
Michel DeFrance,saturday,31455595
Michel DeFrance,saturday,40957100
Michel DeFrance,saturday,43089807
Michel DeFrance,saturday,36038220
Michel DeFrance,saturday,29950675
Michel DeFrance,saturday,41667550
Michel DeFrance,saturday,39777555
Michel DeFrance,saturday,34114972
Michel DeFrance,saturday,25182913
Michel DeFrance,saturday,40087366
Morningstar Greene,saturday,4308651
Morningstar Greene,saturday,3510680
Morningstar Greene,saturday,3640566
Morningstar Greene,saturday,3482025
Morningstar Greene,saturday,3911420
Morningstar Greene,saturday,5286429
Morningstar Greene,saturday,3510729
Morningstar Greene,saturday,4807212
Morningstar Greene,saturday,5711895
Morningstar Greene,saturday,4331296
Morningstar Greene,saturday,5220279
Morningstar Greene,saturday,6392885
Morningstar Greene,saturday,3480842
Morningstar Greene,saturday,7003798
Reginald Blotchet-Halls,saturday,6198860
Reginald Blotchet-Halls,saturday,5795520
Reginald Blotchet-Halls,saturday,4663839
Reginald Blotchet-Halls,saturday,5884278
Reginald Blotchet-Halls,saturday,6068325
Reginald Blotchet-Halls,saturday,6636137
Reginald Blotchet-Halls,saturday,7372320
Reginald Blotchet-Halls,saturday,8026261
Reginald Blotchet-Halls,saturday,6794085
Reginald Blotchet-Halls,saturday,8193362
Reginald Blotchet-Halls,saturday,5816409
Reginald Blotchet-Halls,saturday,8513153
Reginald Blotchet-Halls,saturday,6363332
Reginald Blotchet-Halls,saturday,6125778
Sheryl Hunter,saturday,5844530
Sheryl Hunter,saturday,10748288
Sheryl Hunter,saturday,10285970
Sheryl Hunter,saturday,9800535
Sheryl Hunter,saturday,10270656
Sheryl Hunter,saturday,11446078
Sheryl Hunter,saturday,12394124
Sheryl Hunter,saturday,11792757
Sheryl Hunter,saturday,9097186
Sheryl Hunter,saturday,9889156
Sheryl Hunter,saturday,11814216
Sheryl Hunter,saturday,9682946
Sheryl Hunter,saturday,12293798
Sheryl Hunter,saturday,8442020
Stearns MacFeather,saturday,1774138
Stearns MacFeather,saturday,2740293
Stearns MacFeather,saturday,1490873
Stearns MacFeather,saturday,1549012
Stearns MacFeather,saturday,1815881
Stearns MacFeather,saturday,2820825
Stearns MacFeather,saturday,2583066
Stearns MacFeather,saturday,1485325
Stearns MacFeather,saturday,1740547
Stearns MacFeather,saturday,2270691
Stearns MacFeather,saturday,2595476
Stearns MacFeather,saturday,1893787
Stearns MacFeather,saturday,1241692
Stearns MacFeather,saturday,1622234
Sylvia Panteley,saturday,5889995
Sylvia Panteley,saturday,5516594
Sylvia Panteley,saturday,7277409
Sylvia Panteley,saturday,6145872
Sylvia Panteley,saturday,4041052
Sylvia Panteley,saturday,4654262
Sylvia Panteley,saturday,4239565
Sylvia Panteley,saturday,7592016
Sylvia Panteley,saturday,7493591
Sylvia Panteley,saturday,8232301
Sylvia Panteley,saturday,4789549
Sylvia Panteley,saturday,8589635
Sylvia Panteley,saturday,5946466
Sylvia Panteley,saturday,6689577
Abraham Bennet,sunday,23145398
Abraham Bennet,sunday,19788389
Abraham Bennet,sunday,11139121
Abraham Bennet,sunday,16908574
Abraham Bennet,sunday,21347937
Abraham Bennet,sunday,20147122
Abraham Bennet,sunday,12096793
Abraham Bennet,sunday,16587824
Abraham Bennet,sunday,21066885
Abraham Bennet,sunday,15311395
Abraham Bennet,sunday,15079772
Abraham Bennet,sunday,10446275
Abraham Bennet,sunday,12580195
Abraham Bennet,sunday,16683061
Albert Ringer,sunday,20860615
Albert Ringer,sunday,19176578
Albert Ringer,sunday,28183503
Albert Ringer,sunday,26001204
Albert Ringer,sunday,28737232
Albert Ringer,sunday,36161874
Albert Ringer,sunday,22224893
Albert Ringer,sunday,24462883
Albert Ringer,sunday,31030883
Albert Ringer,sunday,26545905
Albert Ringer,sunday,29064581
Albert Ringer,sunday,20192636
Albert Ringer,sunday,24169694
Albert Ringer,sunday,26172998
Ann Dull,sunday,2426778
Ann Dull,sunday,1844599
Ann Dull,sunday,2634777
Ann Dull,sunday,2916030
Ann Dull,sunday,2519706
Ann Dull,sunday,2677479
Ann Dull,sunday,2152426
Ann Dull,sunday,2699908
Ann Dull,sunday,1987467
Ann Dull,sunday,2651216
Ann Dull,sunday,2030766
Ann Dull,sunday,2048141
Ann Dull,sunday,3293160
Ann Dull,sunday,2255828
Anne Ringer,sunday,3551313
Anne Ringer,sunday,2745479
Anne Ringer,sunday,4360282
Anne Ringer,sunday,3591135
Anne Ringer,sunday,3796511
Anne Ringer,sunday,5533914
Anne Ringer,sunday,2540102
Anne Ringer,sunday,3839467
Anne Ringer,sunday,3107007
Anne Ringer,sunday,2665836
Anne Ringer,sunday,3919110
Anne Ringer,sunday,3309250
Anne Ringer,sunday,3670778
Anne Ringer,sunday,2420638
Burt Gringlesby,sunday,7891141
Burt Gringlesby,sunday,5524836
Burt Gringlesby,sunday,11687396
Burt Gringlesby,sunday,12109293
Burt Gringlesby,sunday,8063926
Burt Gringlesby,sunday,9645608
Burt Gringlesby,sunday,6428360
Burt Gringlesby,sunday,7868140
Burt Gringlesby,sunday,6122302
Burt Gringlesby,sunday,10530395
Burt Gringlesby,sunday,6283397
Burt Gringlesby,sunday,7253240
Burt Gringlesby,sunday,4517341
Burt Gringlesby,sunday,8856899
Charlene Locksley,sunday,6061865
Charlene Locksley,sunday,7157972
Charlene Locksley,sunday,6520551
Charlene Locksley,sunday,6628659
Charlene Locksley,sunday,8792064
Charlene Locksley,sunday,7024115
Charlene Locksley,sunday,5317358
Charlene Locksley,sunday,5829587
Charlene Locksley,sunday,6894335
Charlene Locksley,sunday,7676322
Charlene Locksley,sunday,5770945
Charlene Locksley,sunday,6279608
Charlene Locksley,sunday,5322457
Charlene Locksley,sunday,8469273
Cheryl Carson,sunday,4983781
Cheryl Carson,sunday,4614712
Cheryl Carson,sunday,2969948
Cheryl Carson,sunday,5029120
Cheryl Carson,sunday,7449443
Cheryl Carson,sunday,4764320
Cheryl Carson,sunday,5157942
Cheryl Carson,sunday,5755571
Cheryl Carson,sunday,4217321
Cheryl Carson,sunday,4847041
Cheryl Carson,sunday,5687163
Cheryl Carson,sunday,4349912
Cheryl Carson,sunday,3624983
Cheryl Carson,sunday,6102332
Dean Straight,sunday,16059511
Dean Straight,sunday,13269405
Dean Straight,sunday,10217006
Dean Straight,sunday,14025328
Dean Straight,sunday,11637356
Dean Straight,sunday,11449234
Dean Straight,sunday,10474760
Dean Straight,sunday,10020219
Dean Straight,sunday,14816544
Dean Straight,sunday,14096844
Dean Straight,sunday,12166342
Dean Straight,sunday,13603649
Dean Straight,sunday,10265667
Dean Straight,sunday,14771134
Dirk Stringer,sunday,45361022
Dirk Stringer,sunday,57644601
Dirk Stringer,sunday,39080655
Dirk Stringer,sunday,36903631
Dirk Stringer,sunday,48962949
Dirk Stringer,sunday,49213657
Dirk Stringer,sunday,50889267
Dirk Stringer,sunday,50190039
Dirk Stringer,sunday,48013015
Dirk Stringer,sunday,57644601
Dirk Stringer,sunday,32576029
Dirk Stringer,sunday,79111246
Dirk Stringer,sunday,52089909
Dirk Stringer,sunday,51139974
Heather McBadden,sunday,11075161
Heather McBadden,sunday,19618307
Heather McBadden,sunday,14195121
Heather McBadden,sunday,21099203
Heather McBadden,sunday,23060992
Heather McBadden,sunday,20044773
Heather McBadden,sunday,17251073
Heather McBadden,sunday,19910010
Heather McBadden,sunday,16690650
Heather McBadden,sunday,13424900
Heather McBadden,sunday,22654923
Heather McBadden,sunday,22672407
Heather McBadden,sunday,20770924
Heather McBadden,sunday,23989939
Innes del Castillo,sunday,17649985
Innes del Castillo,sunday,20034998
Innes del Castillo,sunday,15510382
Innes del Castillo,sunday,14303850
Innes del Castillo,sunday,13992519
Innes del Castillo,sunday,16351425
Innes del Castillo,sunday,19619873
Innes del Castillo,sunday,18076535
Innes del Castillo,sunday,11723357
Innes del Castillo,sunday,10363735
Innes del Castillo,sunday,13332276
Innes del Castillo,sunday,22265948
Innes del Castillo,sunday,27101264
Innes del Castillo,sunday,24353339
Johnson White,sunday,5826804
Johnson White,sunday,6565113
Johnson White,sunday,4086606
Johnson White,sunday,6343055
Johnson White,sunday,8618642
Johnson White,sunday,7642386
Johnson White,sunday,5108511
Johnson White,sunday,8019463
Johnson White,sunday,5458343
Johnson White,sunday,5505380
Johnson White,sunday,6795008
Johnson White,sunday,4247426
Johnson White,sunday,5725852
Johnson White,sunday,8991390
Livia Karsen,sunday,12065001
Livia Karsen,sunday,16208662
Livia Karsen,sunday,3479775
Livia Karsen,sunday,16850295
Livia Karsen,sunday,8205050
Livia Karsen,sunday,14452347
Livia Karsen,sunday,2713463
Livia Karsen,sunday,8950158
Livia Karsen,sunday,11053794
Livia Karsen,sunday,10833697
Livia Karsen,sunday,10152201
Livia Karsen,sunday,4082593
Livia Karsen,sunday,8388957
Livia Karsen,sunday,10539386
Marjorie Green,sunday,9097000
Marjorie Green,sunday,6375060
Marjorie Green,sunday,5592534
Marjorie Green,sunday,5143455
Marjorie Green,sunday,7659702
Marjorie Green,sunday,4950325
Marjorie Green,sunday,9673833
Marjorie Green,sunday,8532066
Marjorie Green,sunday,8958796
Marjorie Green,sunday,5411968
Marjorie Green,sunday,8710741
Marjorie Green,sunday,8982035
Marjorie Green,sunday,8661152
Marjorie Green,sunday,7066859
Meander Smith,sunday,3233034
Meander Smith,sunday,4987914
Meander Smith,sunday,2925340
Meander Smith,sunday,6371671
Meander Smith,sunday,3338252
Meander Smith,sunday,3720195
Meander Smith,sunday,4679473
Meander Smith,sunday,4350139
Meander Smith,sunday,5072238
Meander Smith,sunday,4710441
Meander Smith,sunday,2668014
Meander Smith,sunday,4007742
Meander Smith,sunday,1934348
Meander Smith,sunday,4679473
Michael O'Leary,sunday,13946057
Michael O'Leary,sunday,9569023
Michael O'Leary,sunday,7948270
Michael O'Leary,sunday,7920793
Michael O'Leary,sunday,12197075
Michael O'Leary,sunday,9623978
Michael O'Leary,sunday,6968449
Michael O'Leary,sunday,13048668
Michael O'Leary,sunday,6199289
Michael O'Leary,sunday,6153493
Michael O'Leary,sunday,7911633
Michael O'Leary,sunday,12169598
Michael O'Leary,sunday,6995926
Michael O'Leary,sunday,5329377
Michel DeFrance,sunday,25525977
Michel DeFrance,sunday,40304991
Michel DeFrance,sunday,29472650
Michel DeFrance,sunday,35110145
Michel DeFrance,sunday,25567987
Michel DeFrance,sunday,38532270
Michel DeFrance,sunday,35135998
Michel DeFrance,sunday,34140826
Michel DeFrance,sunday,36665241
Michel DeFrance,sunday,22038111
Michel DeFrance,sunday,19670857
Michel DeFrance,sunday,30175700
Michel DeFrance,sunday,33035779
Michel DeFrance,sunday,32944950
Morningstar Greene,sunday,3626909
Morningstar Greene,sunday,4933133
Morningstar Greene,sunday,5111770
Morningstar Greene,sunday,4416310
Morningstar Greene,sunday,5083447
Morningstar Greene,sunday,6506739
Morningstar Greene,sunday,5788118
Morningstar Greene,sunday,6036363
Morningstar Greene,sunday,3604400
Morningstar Greene,sunday,3663125
Morningstar Greene,sunday,6571522
Morningstar Greene,sunday,3687481
Morningstar Greene,sunday,4548475
Morningstar Greene,sunday,4895256
Reginald Blotchet-Halls,sunday,5577538
Reginald Blotchet-Halls,sunday,6589152
Reginald Blotchet-Halls,sunday,4474582
Reginald Blotchet-Halls,sunday,6035702
Reginald Blotchet-Halls,sunday,6384218
Reginald Blotchet-Halls,sunday,5257747
Reginald Blotchet-Halls,sunday,6273259
Reginald Blotchet-Halls,sunday,5828143
Reginald Blotchet-Halls,sunday,6151874
Reginald Blotchet-Halls,sunday,4650788
Reginald Blotchet-Halls,sunday,5591900
Reginald Blotchet-Halls,sunday,4458905
Reginald Blotchet-Halls,sunday,5542286
Reginald Blotchet-Halls,sunday,7680374
Sheryl Hunter,sunday,11135641
Sheryl Hunter,sunday,9106646
Sheryl Hunter,sunday,10199300
Sheryl Hunter,sunday,10389904
Sheryl Hunter,sunday,10199300
Sheryl Hunter,sunday,13814241
Sheryl Hunter,sunday,8339744
Sheryl Hunter,sunday,10941135
Sheryl Hunter,sunday,7657560
Sheryl Hunter,sunday,8621212
Sheryl Hunter,sunday,12103194
Sheryl Hunter,sunday,11709989
Sheryl Hunter,sunday,14324743
Sheryl Hunter,sunday,9971924
Stearns MacFeather,sunday,2202792
Stearns MacFeather,sunday,2144324
Stearns MacFeather,sunday,1795669
Stearns MacFeather,sunday,1993590
Stearns MacFeather,sunday,1812782
Stearns MacFeather,sunday,1294284
Stearns MacFeather,sunday,1703588
Stearns MacFeather,sunday,1358940
Stearns MacFeather,sunday,1736684
Stearns MacFeather,sunday,1732125
Stearns MacFeather,sunday,1514356
Stearns MacFeather,sunday,2230856
Stearns MacFeather,sunday,2987809
Stearns MacFeather,sunday,2923629
Sylvia Panteley,sunday,8452502
Sylvia Panteley,sunday,7122513
Sylvia Panteley,sunday,6586750
Sylvia Panteley,sunday,7325397
Sylvia Panteley,sunday,8478835
Sylvia Panteley,sunday,4033109
Sylvia Panteley,sunday,7657354
Sylvia Panteley,sunday,5782735
Sylvia Panteley,sunday,7224894
Sylvia Panteley,sunday,4138076
Sylvia Panteley,sunday,6422989
Sylvia Panteley,sunday,8598979
Sylvia Panteley,sunday,8044084
Sylvia Panteley,sunday,5468989
